"variant","bytes","sha256","path"
"1","1039980","cc8e1c625c47490eb8d22e745de157253f4a754ea25c8b0e24296a20b2befed8","C:\FlowPlanenew\FLOWPLANE_Controlplane\bench-runs\multi-runtime-1mb\flowplane-1mb-connect-flink-50unique-1000probe-20260612105548\payloads-50\source-payload-1mb-variant-01.json"
"2","1039980","d5f84633f91d90b60880ea7266b2ce7ab049bc54af8ae7cf755594068ac1ec51","C:\FlowPlanenew\FLOWPLANE_Controlplane\bench-runs\multi-runtime-1mb\flowplane-1mb-connect-flink-50unique-1000probe-20260612105548\payloads-50\source-payload-1mb-variant-02.json"
"3","1039980","38aa00815bce7657785682b0e659ebe38ab00f28a9283877d2ee87ab9cdde919","C:\FlowPlanenew\FLOWPLANE_Controlplane\bench-runs\multi-runtime-1mb\flowplane-1mb-connect-flink-50unique-1000probe-20260612105548\payloads-50\source-payload-1mb-variant-03.json"
"4","1039980","8276904901aaa3222e17786fd73b0adc9eb403f130b4d90ed378a9bbeca45713","C:\FlowPlanenew\FLOWPLANE_Controlplane\bench-runs\multi-runtime-1mb\flowplane-1mb-connect-flink-50unique-1000probe-20260612105548\payloads-50\source-payload-1mb-variant-04.json"
"5","1039980","8580852345c01b792035c55a60fe9589ecc40ad5396150389d1f3a6a910e0e04","C:\FlowPlanenew\FLOWPLANE_Controlplane\bench-runs\multi-runtime-1mb\flowplane-1mb-connect-flink-50unique-1000probe-20260612105548\payloads-50\source-payload-1mb-variant-05.json"
"6","1039980","723fec6387114212866581f934f6305709d34722aa9b3706ad714700fd64323d","C:\FlowPlanenew\FLOWPLANE_Controlplane\bench-runs\multi-runtime-1mb\flowplane-1mb-connect-flink-50unique-1000probe-20260612105548\payloads-50\source-payload-1mb-variant-06.json"
"7","1039980","6e2998e62693a4e22ad17bdf7c834d1684595c62d4ce227ec917a6649f8089a9","C:\FlowPlanenew\FLOWPLANE_Controlplane\bench-runs\multi-runtime-1mb\flowplane-1mb-connect-flink-50unique-1000probe-20260612105548\payloads-50\source-payload-1mb-variant-07.json"
"8","1039980","84e00bf6baa02c8ab2aaecd221fe0254829ca39310746d3cf8a0ca0705e3bd32","C:\FlowPlanenew\FLOWPLANE_Controlplane\bench-runs\multi-runtime-1mb\flowplane-1mb-connect-flink-50unique-1000probe-20260612105548\payloads-50\source-payload-1mb-variant-08.json"
"9","1039980","b029a2c4eecbfb8fb419290d225ac9474f287d1803a948050ecaf49b26a4d046","C:\FlowPlanenew\FLOWPLANE_Controlplane\bench-runs\multi-runtime-1mb\flowplane-1mb-connect-flink-50unique-1000probe-20260612105548\payloads-50\source-payload-1mb-variant-09.json"
"10","1039980","0f4aeb269099b8abfee15759546e7bd5ca8e36dbb66c1f01ce5e749aec2a6032","C:\FlowPlanenew\FLOWPLANE_Controlplane\bench-runs\multi-runtime-1mb\flowplane-1mb-connect-flink-50unique-1000probe-20260612105548\payloads-50\source-payload-1mb-variant-10.json"
"11","1039980","f06cfac02f5a0d9d29d6f8120572da6498cad91bec2b814c692f3ee5cd7d1916","C:\FlowPlanenew\FLOWPLANE_Controlplane\bench-runs\multi-runtime-1mb\flowplane-1mb-connect-flink-50unique-1000probe-20260612105548\payloads-50\source-payload-1mb-variant-11.json"
"12","1039980","ff02b7cd60f5bd55526573c9a68510f83758a2c2bdb41fe1edde8ec6cc2bc508","C:\FlowPlanenew\FLOWPLANE_Controlplane\bench-runs\multi-runtime-1mb\flowplane-1mb-connect-flink-50unique-1000probe-20260612105548\payloads-50\source-payload-1mb-variant-12.json"
"13","1039980","0510ba66e06a7a3e9adc8371a0b488a386fc166da2ffdb58250704373e5945fa","C:\FlowPlanenew\FLOWPLANE_Controlplane\bench-runs\multi-runtime-1mb\flowplane-1mb-connect-flink-50unique-1000probe-20260612105548\payloads-50\source-payload-1mb-variant-13.json"
"14","1039980","0dce2cb86bb90be59678879c596ab9abb6a229c9a5a1940eaa6232a716283215","C:\FlowPlanenew\FLOWPLANE_Controlplane\bench-runs\multi-runtime-1mb\flowplane-1mb-connect-flink-50unique-1000probe-20260612105548\payloads-50\source-payload-1mb-variant-14.json"
"15","1039980","9eb79d1b722b822a6a85011919fa2ec73d6889d0cc28ba5e721bc1f471dc2ad9","C:\FlowPlanenew\FLOWPLANE_Controlplane\bench-runs\multi-runtime-1mb\flowplane-1mb-connect-flink-50unique-1000probe-20260612105548\payloads-50\source-payload-1mb-variant-15.json"
"16","1039980","5a017fd1e2ce3e455a908f23568f65aba387500104670985460d74032bbadf35","C:\FlowPlanenew\FLOWPLANE_Controlplane\bench-runs\multi-runtime-1mb\flowplane-1mb-connect-flink-50unique-1000probe-20260612105548\payloads-50\source-payload-1mb-variant-16.json"
"17","1039980","65e33b48edbc3d5209b6b78cb120f5eec94a727149056990ae83a015d3c5c72f","C:\FlowPlanenew\FLOWPLANE_Controlplane\bench-runs\multi-runtime-1mb\flowplane-1mb-connect-flink-50unique-1000probe-20260612105548\payloads-50\source-payload-1mb-variant-17.json"
"18","1039980","3296a9342425ccc5eb4774b0ea9755095ceb9640f790d1ac6a4838c02b354762","C:\FlowPlanenew\FLOWPLANE_Controlplane\bench-runs\multi-runtime-1mb\flowplane-1mb-connect-flink-50unique-1000probe-20260612105548\payloads-50\source-payload-1mb-variant-18.json"
"19","1039980","50afbc1b589cd7cc8eb4ecb65d940d72e3832abaaac41fbee6414f10aedf5f9e","C:\FlowPlanenew\FLOWPLANE_Controlplane\bench-runs\multi-runtime-1mb\flowplane-1mb-connect-flink-50unique-1000probe-20260612105548\payloads-50\source-payload-1mb-variant-19.json"
"20","1039980","35e66b5840fcd6d17f1ac8bb97723678126df9996db41f1580c08ad6b32c8124","C:\FlowPlanenew\FLOWPLANE_Controlplane\bench-runs\multi-runtime-1mb\flowplane-1mb-connect-flink-50unique-1000probe-20260612105548\payloads-50\source-payload-1mb-variant-20.json"
"21","1039980","6edb213741d333c6d0ed69c7e714ec997376f6d9780753aa7961f2b3605f0fbb","C:\FlowPlanenew\FLOWPLANE_Controlplane\bench-runs\multi-runtime-1mb\flowplane-1mb-connect-flink-50unique-1000probe-20260612105548\payloads-50\source-payload-1mb-variant-21.json"
"22","1039980","d25efca2b0d88e7be528aa6262d9c12c5a5b4b976de9b30d60b0dc04aa095f29","C:\FlowPlanenew\FLOWPLANE_Controlplane\bench-runs\multi-runtime-1mb\flowplane-1mb-connect-flink-50unique-1000probe-20260612105548\payloads-50\source-payload-1mb-variant-22.json"
"23","1039980","d1111c963c2893372143590139b48e3001b4d84c388097635b228db1c95c282d","C:\FlowPlanenew\FLOWPLANE_Controlplane\bench-runs\multi-runtime-1mb\flowplane-1mb-connect-flink-50unique-1000probe-20260612105548\payloads-50\source-payload-1mb-variant-23.json"
"24","1039980","b576456f9b3cafcb9ac3c11d45a44c9d560bcf13d205b4c385a3260d87fbc8c4","C:\FlowPlanenew\FLOWPLANE_Controlplane\bench-runs\multi-runtime-1mb\flowplane-1mb-connect-flink-50unique-1000probe-20260612105548\payloads-50\source-payload-1mb-variant-24.json"
"25","1039980","199ddf158c3f3ed29248a56fdb1e1784f099b6c120e5bd8e6ad5e5d1d7c63bd9","C:\FlowPlanenew\FLOWPLANE_Controlplane\bench-runs\multi-runtime-1mb\flowplane-1mb-connect-flink-50unique-1000probe-20260612105548\payloads-50\source-payload-1mb-variant-25.json"
"26","1039980","ea9f0d4f04f1c668d6e7f2befddece3a2386a20b4bd24079cc40de84909f7e2c","C:\FlowPlanenew\FLOWPLANE_Controlplane\bench-runs\multi-runtime-1mb\flowplane-1mb-connect-flink-50unique-1000probe-20260612105548\payloads-50\source-payload-1mb-variant-26.json"
"27","1039980","62a085fce38116f0e100b36268ae8e32be0f41eed60fcfa9eb8933d33e4bea7d","C:\FlowPlanenew\FLOWPLANE_Controlplane\bench-runs\multi-runtime-1mb\flowplane-1mb-connect-flink-50unique-1000probe-20260612105548\payloads-50\source-payload-1mb-variant-27.json"
"28","1039980","efe506ee8948031e4a39d6fb85b2d8823717ce602ddcab997515cd7b0d6860d1","C:\FlowPlanenew\FLOWPLANE_Controlplane\bench-runs\multi-runtime-1mb\flowplane-1mb-connect-flink-50unique-1000probe-20260612105548\payloads-50\source-payload-1mb-variant-28.json"
"29","1039980","5a67f69428c6043edafbeea8e8726d5ea46305f328f6d723c5f482da634964ec","C:\FlowPlanenew\FLOWPLANE_Controlplane\bench-runs\multi-runtime-1mb\flowplane-1mb-connect-flink-50unique-1000probe-20260612105548\payloads-50\source-payload-1mb-variant-29.json"
"30","1039980","ebb0fa1186a304ccb674f078f348153679413a53ef0811bf2757284d4d90f85d","C:\FlowPlanenew\FLOWPLANE_Controlplane\bench-runs\multi-runtime-1mb\flowplane-1mb-connect-flink-50unique-1000probe-20260612105548\payloads-50\source-payload-1mb-variant-30.json"
"31","1039980","baea805f2e453571aa3985a430ff891c03342fa3adc0788e1f56ede66da8ce9b","C:\FlowPlanenew\FLOWPLANE_Controlplane\bench-runs\multi-runtime-1mb\flowplane-1mb-connect-flink-50unique-1000probe-20260612105548\payloads-50\source-payload-1mb-variant-31.json"
"32","1039980","e67c6253a26021283ff60d0ed3150fd21761047941c14a51babdfb017df1220e","C:\FlowPlanenew\FLOWPLANE_Controlplane\bench-runs\multi-runtime-1mb\flowplane-1mb-connect-flink-50unique-1000probe-20260612105548\payloads-50\source-payload-1mb-variant-32.json"
"33","1039980","3c76ca13fe06732eff3e77a11a4a53f79f832793962cc3ca21d9417315a8b236","C:\FlowPlanenew\FLOWPLANE_Controlplane\bench-runs\multi-runtime-1mb\flowplane-1mb-connect-flink-50unique-1000probe-20260612105548\payloads-50\source-payload-1mb-variant-33.json"
"34","1039980","8d9261d113e31f0a2aaa59a3f27c035cf61ce1504ae05a3b4128f69e4d5d99f0","C:\FlowPlanenew\FLOWPLANE_Controlplane\bench-runs\multi-runtime-1mb\flowplane-1mb-connect-flink-50unique-1000probe-20260612105548\payloads-50\source-payload-1mb-variant-34.json"
"35","1039980","8b7c889160785e096ca80f71a720628dd8722fd49a62685e0af61d5e2947ac0f","C:\FlowPlanenew\FLOWPLANE_Controlplane\bench-runs\multi-runtime-1mb\flowplane-1mb-connect-flink-50unique-1000probe-20260612105548\payloads-50\source-payload-1mb-variant-35.json"
"36","1039980","0f1962017ac6ce4e3991dad71146a3f0b76f5cd181baefed24c114ffa3993853","C:\FlowPlanenew\FLOWPLANE_Controlplane\bench-runs\multi-runtime-1mb\flowplane-1mb-connect-flink-50unique-1000probe-20260612105548\payloads-50\source-payload-1mb-variant-36.json"
"37","1039980","5cb081b08c46a96308b2c0311477f60a2fce929acbf4403b8f580e07308cdcb8","C:\FlowPlanenew\FLOWPLANE_Controlplane\bench-runs\multi-runtime-1mb\flowplane-1mb-connect-flink-50unique-1000probe-20260612105548\payloads-50\source-payload-1mb-variant-37.json"
"38","1039980","e1ca10d324d6bb91cd151b1bedd8c8283fafd32623e5429179aa38144958519b","C:\FlowPlanenew\FLOWPLANE_Controlplane\bench-runs\multi-runtime-1mb\flowplane-1mb-connect-flink-50unique-1000probe-20260612105548\payloads-50\source-payload-1mb-variant-38.json"
"39","1039980","4b22b7bb103a5a8d6cca6d1c44c0c714a20938a1b087669dc4ad6af327912193","C:\FlowPlanenew\FLOWPLANE_Controlplane\bench-runs\multi-runtime-1mb\flowplane-1mb-connect-flink-50unique-1000probe-20260612105548\payloads-50\source-payload-1mb-variant-39.json"
"40","1039980","25df2afe8977369f7e4fa67554c8057f22b4f40923185b1fe7e30d189c804009","C:\FlowPlanenew\FLOWPLANE_Controlplane\bench-runs\multi-runtime-1mb\flowplane-1mb-connect-flink-50unique-1000probe-20260612105548\payloads-50\source-payload-1mb-variant-40.json"
"41","1039980","f400e5b869dd4cd32a3febf91b8d694d3df6340e51dc896f842bb0a6681fd5dd","C:\FlowPlanenew\FLOWPLANE_Controlplane\bench-runs\multi-runtime-1mb\flowplane-1mb-connect-flink-50unique-1000probe-20260612105548\payloads-50\source-payload-1mb-variant-41.json"
"42","1039980","aae34df7c184a9d8c3ec27d14eb2d532d552e223640340a9b779f8227ecb0e55","C:\FlowPlanenew\FLOWPLANE_Controlplane\bench-runs\multi-runtime-1mb\flowplane-1mb-connect-flink-50unique-1000probe-20260612105548\payloads-50\source-payload-1mb-variant-42.json"
"43","1039980","c4dd5ee1c817d23a8b8be360480f745dcda3e23e7d0fa4ae576a255a9481f615","C:\FlowPlanenew\FLOWPLANE_Controlplane\bench-runs\multi-runtime-1mb\flowplane-1mb-connect-flink-50unique-1000probe-20260612105548\payloads-50\source-payload-1mb-variant-43.json"
"44","1039980","e670081266bb95ec4aaa979122ed69d97a2a35052083a892f24e90140787f159","C:\FlowPlanenew\FLOWPLANE_Controlplane\bench-runs\multi-runtime-1mb\flowplane-1mb-connect-flink-50unique-1000probe-20260612105548\payloads-50\source-payload-1mb-variant-44.json"
"45","1039980","5f6a6cf60e9003315cc8b48ce2a33d9bb684767cebdd37777c1d9d7eccc312d0","C:\FlowPlanenew\FLOWPLANE_Controlplane\bench-runs\multi-runtime-1mb\flowplane-1mb-connect-flink-50unique-1000probe-20260612105548\payloads-50\source-payload-1mb-variant-45.json"
"46","1039980","04deabfcae937c459e68d388102e8ae769e04b0ececc71d88e95fa9840246e4a","C:\FlowPlanenew\FLOWPLANE_Controlplane\bench-runs\multi-runtime-1mb\flowplane-1mb-connect-flink-50unique-1000probe-20260612105548\payloads-50\source-payload-1mb-variant-46.json"
"47","1039980","bfd45dcd867621b7a1d5a179e0af3d3c50b3824c9037311e3701c78b557b5b75","C:\FlowPlanenew\FLOWPLANE_Controlplane\bench-runs\multi-runtime-1mb\flowplane-1mb-connect-flink-50unique-1000probe-20260612105548\payloads-50\source-payload-1mb-variant-47.json"
"48","1039980","d714aba666f28f1832d05fc341dcb1fc6a280649d5495028731f4168f8f1a1fa","C:\FlowPlanenew\FLOWPLANE_Controlplane\bench-runs\multi-runtime-1mb\flowplane-1mb-connect-flink-50unique-1000probe-20260612105548\payloads-50\source-payload-1mb-variant-48.json"
"49","1039980","118dede2b6083b795c416cf6dd4e72ba3fa6c7e3bab68c2695a4d4c8a062de1d","C:\FlowPlanenew\FLOWPLANE_Controlplane\bench-runs\multi-runtime-1mb\flowplane-1mb-connect-flink-50unique-1000probe-20260612105548\payloads-50\source-payload-1mb-variant-49.json"
"50","1039980","90d273679bed2eb3139d19385a1f8c51f0e121035927b837fe2d5781af9e849e","C:\FlowPlanenew\FLOWPLANE_Controlplane\bench-runs\multi-runtime-1mb\flowplane-1mb-connect-flink-50unique-1000probe-20260612105548\payloads-50\source-payload-1mb-variant-50.json"
